model_id,model_name,original_model_id,fold,test_subject,count_mae,count_mae_pos,count_mae_neg,mean_pred_count_on_neg,mean_gt_count_on_pos,num_test_samples,source_path
S0,CNN1D,S0,0,14287,0.9867855227270792,4.6052988629008444,0.08215718992530953,0.08215718992530953,9.104665401370026,430,runs/loso_structure_compare_v2_0p7m_20260520_163130/S0/fold_00_test_14287/test_results.json
S0,CNN1D,S0,1,14342,1.0260517817277175,1.5938286319855721,0.8482630541830352,0.8482630541830352,11.188558024744834,260,runs/loso_structure_compare_v2_0p7m_20260520_163130/S0/fold_01_test_14342/test_results.json
S0,CNN1D,S0,2,14547,0.692478157394561,1.0173518820242449,0.6014307456411374,0.6014307456411374,11.529829502105713,402,runs/loso_structure_compare_v2_0p7m_20260520_163130/S0/fold_02_test_14547/test_results.json
S0,CNN1D,S0,3,20794,0.6416706811814081,2.284115723201207,0.1284065910814596,0.1284065910814596,8.121994781494141,294,runs/loso_structure_compare_v2_0p7m_20260520_163130/S0/fold_03_test_20794/test_results.json
S0,CNN1D,S0,4,38936,1.0464275166539863,2.4392905438199954,0.6240755392659095,0.6240755392659095,11.453274179012217,404,runs/loso_structure_compare_v2_0p7m_20260520_163130/S0/fold_04_test_38936/test_results.json
S0,CNN1D,S0,5,47779,1.0881536819415385,3.8214750630514964,0.2502011670968937,0.2502011670968937,12.405769620622907,358,runs/loso_structure_compare_v2_0p7m_20260520_163130/S0/fold_05_test_47779/test_results.json
S0,CNN1D,S0,6,49661,2.059277596473694,0.19187772274017334,2.6170723469226393,2.6170723469226393,9.380694493003514,400,runs/loso_structure_compare_v2_0p7m_20260520_163130/S0/fold_06_test_49661/test_results.json
S0,CNN1D,S0,7,55502,0.5771377383025138,0.9874377568562825,0.44236765921550947,0.44236765921550947,15.24731313917372,364,runs/loso_structure_compare_v2_0p7m_20260520_163130/S0/fold_07_test_55502/test_results.json
S0,CNN1D,S0,8,74768,1.1360068520950397,4.273894797671925,0.19677509057975442,0.19677509057975442,10.36668348312378,382,runs/loso_structure_compare_v2_0p7m_20260520_163130/S0/fold_08_test_74768/test_results.json
S0,CNN1D,S0,9,76918,1.4638557545492583,2.6586779993633893,1.1634033869581613,1.1634033869581613,12.481145370838254,428,runs/loso_structure_compare_v2_0p7m_20260520_163130/S0/fold_09_test_76918/test_results.json
S0,CNN1D,S0,10,84479,0.6032801448030675,1.4809753461317583,0.33509549374381703,0.33509549374381703,10.07782682505521,376,runs/loso_structure_compare_v2_0p7m_20260520_163130/S0/fold_10_test_84479/test_results.json
S0,CNN1D,S0,11,86463,1.4459361095926655,2.280691936612129,1.1840519285669513,1.1840519285669513,14.012078046798706,268,runs/loso_structure_compare_v2_0p7m_20260520_163130/S0/fold_11_test_86463/test_results.json
S0,CNN1D,S0,12,87369,0.5468883928054017,1.1559386199170893,0.3540955263076069,0.3540955263076069,9.75364654714411,366,runs/loso_structure_compare_v2_0p7m_20260520_163130/S0/fold_12_test_87369/test_results.json
S0,CNN1D,S0,13,87447,1.1614468983954784,0.9756889850535291,1.222076212366422,1.222076212366422,10.174339375597365,382,runs/loso_structure_compare_v2_0p7m_20260520_163130/S0/fold_13_test_87447/test_results.json
S0,CNN1D,S0,14,97706,1.9217205628525786,0.8719353093657383,2.2148423876081194,2.2148423876081194,10.887312950089921,394,runs/loso_structure_compare_v2_0p7m_20260520_163130/S0/fold_14_test_97706/test_results.json
S1,DSCNN,S1,0,14287,0.3487497712290564,1.1027632147766824,0.1602463952217741,0.1602463952217741,9.104665401370026,430,runs/loso_structure_compare_v2_0p7m_20260520_163130/S1/fold_00_test_14287/test_results.json
S1,DSCNN,S1,1,14342,1.0480085629683273,1.8083126083497079,0.8099335660838117,0.8099335660838117,11.188558024744834,260,runs/loso_structure_compare_v2_0p7m_20260520_163130/S1/fold_01_test_14342/test_results.json
S1,DSCNN,S1,2,14547,0.4480116168657939,1.401332681829279,0.18083884362072036,0.18083884362072036,11.529829502105713,402,runs/loso_structure_compare_v2_0p7m_20260520_163130/S1/fold_02_test_14547/test_results.json
S1,DSCNN,S1,3,20794,0.5202506610325405,1.9690638882773264,0.06749650528308848,0.06749650528308848,8.121994781494141,294,runs/loso_structure_compare_v2_0p7m_20260520_163130/S1/fold_03_test_20794/test_results.json
S1,DSCNN,S1,4,38936,0.8152058997956833,2.135618524348482,0.4148226999467419,0.4148226999467419,11.453274179012217,404,runs/loso_structure_compare_v2_0p7m_20260520_163130/S1/fold_04_test_38936/test_results.json
S1,DSCNN,S1,5,47779,0.8838600206641511,3.0243765058971586,0.2276432710176293,0.2276432710176293,12.405769620622907,358,runs/loso_structure_compare_v2_0p7m_20260520_163130/S1/fold_05_test_47779/test_results.json
S1,DSCNN,S1,6,49661,1.3969240951538087,0.15352308750152588,1.7683295739161504,1.7683295739161504,9.380694493003514,400,runs/loso_structure_compare_v2_0p7m_20260520_163130/S1/fold_06_test_49661/test_results.json
S1,DSCNN,S1,7,55502,0.7279049108971606,0.6604152308570014,0.7500730748594242,0.7500730748594242,15.24731313917372,364,runs/loso_structure_compare_v2_0p7m_20260520_163130/S1/fold_07_test_55502/test_results.json
S1,DSCNN,S1,8,74768,1.5646233783342451,6.110085660761053,0.20407686174410034,0.20407686174410034,10.36668348312378,382,runs/loso_structure_compare_v2_0p7m_20260520_163130/S1/fold_08_test_74768/test_results.json
S1,DSCNN,S1,9,76918,1.035475558209642,3.604208835335665,0.3895368142086163,0.3895368142086163,12.481145370838254,428,runs/loso_structure_compare_v2_0p7m_20260520_163130/S1/fold_09_test_76918/test_results.json
S1,DSCNN,S1,10,84479,0.47689867336699304,1.3854781822724775,0.19927715965443188,0.19927715965443188,10.07782682505521,376,runs/loso_structure_compare_v2_0p7m_20260520_163130/S1/fold_10_test_84479/test_results.json
S1,DSCNN,S1,11,86463,1.3109331175462524,3.214734360575676,0.7136621551186431,0.7136621551186431,14.012078046798706,268,runs/loso_structure_compare_v2_0p7m_20260520_163130/S1/fold_11_test_86463/test_results.json
S1,DSCNN,S1,12,87369,0.5715874817853417,0.6319996768778021,0.5524641961502514,0.5524641961502514,9.75364654714411,366,runs/loso_structure_compare_v2_0p7m_20260520_163130/S1/fold_12_test_87369/test_results.json
S1,DSCNN,S1,13,87447,0.5336446293985656,0.36602083672868446,0.5883551724255085,0.5883551724255085,10.174339375597365,382,runs/loso_structure_compare_v2_0p7m_20260520_163130/S1/fold_13_test_87447/test_results.json
S1,DSCNN,S1,14,97706,2.4150169585561994,0.6534191286841105,2.9068916865757535,2.9068916865757535,10.887312950089921,394,runs/loso_structure_compare_v2_0p7m_20260520_163130/S1/fold_14_test_97706/test_results.json
S2,ResCNN,S2,0,14287,0.40538215359976126,0.7710248758626539,0.3139714716478836,0.3139714716478836,9.104665401370026,430,runs/loso_structure_compare_v2_0p7m_20260520_163130/S2/fold_00_test_14287/test_results.json
S2,ResCNN,S2,1,14342,1.4521603144132174,1.8826368393436554,1.3173646493391558,1.3173646493391558,11.188558024744834,260,runs/loso_structure_compare_v2_0p7m_20260520_163130/S2/fold_01_test_14342/test_results.json
S2,ResCNN,S2,2,14547,0.7164593383447447,2.0736464858055115,0.33610115081641323,0.33610115081641323,11.529829502105713,402,runs/loso_structure_compare_v2_0p7m_20260520_163130/S2/fold_02_test_14547/test_results.json
S2,ResCNN,S2,3,20794,0.595924390416567,2.1942571367536274,0.09644540448350979,0.09644540448350979,8.121994781494141,294,runs/loso_structure_compare_v2_0p7m_20260520_163130/S2/fold_03_test_20794/test_results.json
S2,ResCNN,S2,4,38936,1.039863159160803,3.112765535395196,0.4113056744298627,0.4113056744298627,11.453274179012217,404,runs/loso_structure_compare_v2_0p7m_20260520_163130/S2/fold_04_test_38936/test_results.json
S2,ResCNN,S2,5,47779,1.4701322017435254,1.8016359351930165,1.368503351281159,1.368503351281159,12.405769620622907,358,runs/loso_structure_compare_v2_0p7m_20260520_163130/S2/fold_05_test_47779/test_results.json
S2,ResCNN,S2,6,49661,2.482065272331238,0.40758076439733093,3.1017164998240285,3.1017164998240285,9.380694493003514,400,runs/loso_structure_compare_v2_0p7m_20260520_163130/S2/fold_06_test_49661/test_results.json
S2,ResCNN,S2,7,55502,0.5557931027120843,1.4092374165852866,0.2754646694194531,0.2754646694194531,15.24731313917372,364,runs/loso_structure_compare_v2_0p7m_20260520_163130/S2/fold_07_test_55502/test_results.json
S2,ResCNN,S2,8,74768,1.2538977767784558,4.98091937195171,0.1383266145134579,0.1383266145134579,10.36668348312378,382,runs/loso_structure_compare_v2_0p7m_20260520_163130/S2/fold_08_test_74768/test_results.json
S2,ResCNN,S2,9,76918,1.1697518736402566,3.825865989507631,0.5018401228576321,0.5018401228576321,12.481145370838254,428,runs/loso_structure_compare_v2_0p7m_20260520_163130/S2/fold_09_test_76918/test_results.json
S2,ResCNN,S2,10,84479,0.7788187798033369,1.8564003705978394,0.44955773486031425,0.44955773486031425,10.07782682505521,376,runs/loso_structure_compare_v2_0p7m_20260520_163130/S2/fold_10_test_84479/test_results.json
S2,ResCNN,S2,11,86463,1.5866378527968676,2.8739864230155945,1.1827638219384586,1.1827638219384586,14.012078046798706,268,runs/loso_structure_compare_v2_0p7m_20260520_163130/S2/fold_11_test_86463/test_results.json
S2,ResCNN,S2,12,87369,0.8157472295147148,0.8936301523988898,0.7910936304079972,0.7910936304079972,9.75364654714411,366,runs/loso_structure_compare_v2_0p7m_20260520_163130/S2/fold_12_test_87369/test_results.json
S2,ResCNN,S2,13,87447,0.6725805086615197,0.587847963292548,0.7002362658580145,0.7002362658580145,10.174339375597365,382,runs/loso_structure_compare_v2_0p7m_20260520_163130/S2/fold_13_test_87447/test_results.json
S2,ResCNN,S2,14,97706,1.9969256831909798,1.4798936233964077,2.141291742200975,2.141291742200975,10.887312950089921,394,runs/loso_structure_compare_v2_0p7m_20260520_163130/S2/fold_14_test_97706/test_results.json
S3,CRNN,S3,0,14287,0.0858208671558735,0.41538298407266305,0.0034303351760257123,0.0034303351760257123,9.104665401370026,430,runs/loso_structure_compare_v2_0p7m_20260520_163130/S3/fold_00_test_14287/test_results.json
S3,CRNN,S3,1,14342,0.5238671133151421,1.5819419276329778,0.19255077479068528,0.19255077479068528,11.188558024744834,260,runs/loso_structure_compare_v2_0p7m_20260520_163130/S3/fold_01_test_14342/test_results.json
S3,CRNN,S3,2,14547,0.33050080607483046,1.427168065851385,0.023154563128141462,0.023154563128141462,11.529829502105713,402,runs/loso_structure_compare_v2_0p7m_20260520_163130/S3/fold_02_test_14547/test_results.json
S3,CRNN,S3,3,20794,0.42929446551201195,1.7996694087982177,0.0010522946623885737,0.0010522946623885737,8.121994781494141,294,runs/loso_structure_compare_v2_0p7m_20260520_163130/S3/fold_03_test_20794/test_results.json
S3,CRNN,S3,4,38936,0.46953102090571186,1.592191868640007,0.12911127451206408,0.12911127451206408,11.453274179012217,404,runs/loso_structure_compare_v2_0p7m_20260520_163130/S3/fold_04_test_38936/test_results.json
S3,CRNN,S3,5,47779,0.4581038032830094,1.9391203834896995,0.004069533980839009,0.004069533980839009,12.405769620622907,358,runs/loso_structure_compare_v2_0p7m_20260520_163130/S3/fold_05_test_47779/test_results.json
S3,CRNN,S3,6,49661,0.7830910435318947,0.11893424262171207,0.9814755343771601,0.9814755343771601,9.380694493003514,400,runs/loso_structure_compare_v2_0p7m_20260520_163130/S3/fold_06_test_49661/test_results.json
S3,CRNN,S3,7,55502,0.37335382823596946,1.4312117682562935,0.025882260792338064,0.025882260792338064,15.24731313917372,364,runs/loso_structure_compare_v2_0p7m_20260520_163130/S3/fold_07_test_55502/test_results.json
S3,CRNN,S3,8,74768,0.8143051007655279,3.40004747022282,0.04034138681227658,0.04034138681227658,10.36668348312378,382,runs/loso_structure_compare_v2_0p7m_20260520_163130/S3/fold_08_test_74768/test_results.json
S3,CRNN,S3,9,76918,0.6894327702923356,2.5198666883069416,0.22914822961677583,0.22914822961677583,12.481145370838254,428,runs/loso_structure_compare_v2_0p7m_20260520_163130/S3/fold_09_test_76918/test_results.json
S3,CRNN,S3,10,84479,0.29509092930783615,1.2554484714161267,0.001648350803103919,0.001648350803103919,10.07782682505521,376,runs/loso_structure_compare_v2_0p7m_20260520_163130/S3/fold_10_test_84479/test_results.json
S3,CRNN,S3,11,86463,0.5598283286915341,1.4899258017539978,0.26803304099788267,0.26803304099788267,14.012078046798706,268,runs/loso_structure_compare_v2_0p7m_20260520_163130/S3/fold_11_test_86463/test_results.json
S3,CRNN,S3,12,87369,0.3896758209282909,0.43050231716849585,0.37675230566867823,0.37675230566867823,9.75364654714411,366,runs/loso_structure_compare_v2_0p7m_20260520_163130/S3/fold_12_test_87369/test_results.json
S3,CRNN,S3,13,87447,0.14490890378103205,0.45516369190621886,0.04364519023026029,0.04364519023026029,10.174339375597365,382,runs/loso_structure_compare_v2_0p7m_20260520_163130/S3/fold_13_test_87447/test_results.json
S3,CRNN,S3,14,97706,2.0137242968312377,0.41111123284628226,2.4612071560574815,2.4612071560574815,10.887312950089921,394,runs/loso_structure_compare_v2_0p7m_20260520_163130/S3/fold_14_test_97706/test_results.json
S4,BiCRNN,S4,0,14287,0.09299047824948332,0.4501791333043298,0.0036933143558197244,0.0036933143558197244,9.104665401370026,430,runs/loso_structure_compare_v2_0p7m_20260520_230603/S4/fold_00_test_14287/test_results.json
S4,BiCRNN,S4,1,14342,0.7864256519537706,1.142283555000059,0.6749953642638042,0.6749953642638042,11.188558024744834,260,runs/loso_structure_compare_v2_0p7m_20260520_230603/S4/fold_01_test_14342/test_results.json
S4,BiCRNN,S4,2,14547,0.23725021211662103,1.0606240901080044,0.006495738840976338,0.006495738840976338,11.529829502105713,402,runs/loso_structure_compare_v2_0p7m_20260520_230603/S4/fold_02_test_14547/test_results.json
S4,BiCRNN,S4,3,20794,0.4054978648517408,1.6744127001081195,0.008961973054933228,0.008961973054933228,8.121994781494141,294,runs/loso_structure_compare_v2_0p7m_20260520_230603/S4/fold_03_test_20794/test_results.json
S4,BiCRNN,S4,4,38936,0.4066103242411472,1.7076826197035768,0.012091638604479451,0.012091638604479451,11.453274179012217,404,runs/loso_structure_compare_v2_0p7m_20260520_230603/S4/fold_04_test_38936/test_results.json
S4,BiCRNN,S4,5,47779,0.6247218477659385,2.416783957254319,0.07533053923262296,0.07533053923262296,12.405769620622907,358,runs/loso_structure_compare_v2_0p7m_20260520_230603/S4/fold_05_test_47779/test_results.json
S4,BiCRNN,S4,6,49661,0.3358941945806146,0.08300273314766261,0.4114331968201252,0.4114331968201252,9.380694493003514,400,runs/loso_structure_compare_v2_0p7m_20260520_230603/S4/fold_06_test_49661/test_results.json
S4,BiCRNN,S4,7,55502,0.1258108310380971,0.48400090005662705,0.008157160867304697,0.008157160867304697,15.24731313917372,364,runs/loso_structure_compare_v2_0p7m_20260520_230603/S4/fold_07_test_55502/test_results.json
S4,BiCRNN,S4,8,74768,0.5055918328425023,2.036346272988753,0.047406826789180435,0.047406826789180435,10.36668348312378,382,runs/loso_structure_compare_v2_0p7m_20260520_230603/S4/fold_08_test_74768/test_results.json
S4,BiCRNN,S4,9,76918,0.5535127485745421,1.1605302012243937,0.4008709369172827,0.4008709369172827,12.481145370838254,428,runs/loso_structure_compare_v2_0p7m_20260520_230603/S4/fold_09_test_76918/test_results.json
S4,BiCRNN,S4,10,84479,0.06708782451583985,0.25298390605232934,0.010286244887134267,0.010286244887134267,10.07782682505521,376,runs/loso_structure_compare_v2_0p7m_20260520_230603/S4/fold_10_test_84479/test_results.json
S4,BiCRNN,S4,11,86463,0.7023878471175237,1.3923650532960892,0.4859244026535866,0.4859244026535866,14.012078046798706,268,runs/loso_structure_compare_v2_0p7m_20260520_230603/S4/fold_11_test_86463/test_results.json
S4,BiCRNN,S4,12,87369,0.18731991230138664,0.2957241047512401,0.15300491546019376,0.15300491546019376,9.75364654714411,366,runs/loso_structure_compare_v2_0p7m_20260520_230603/S4/fold_12_test_87369/test_results.json
S4,BiCRNN,S4,13,87447,0.06540086568962217,0.20820030760257802,0.018792712621183857,0.018792712621183857,10.174339375597365,382,runs/loso_structure_compare_v2_0p7m_20260520_230603/S4/fold_13_test_87447/test_results.json
S4,BiCRNN,S4,14,97706,2.005681040323325,0.37629055422405866,2.460640727699577,2.460640727699577,10.887312950089921,394,runs/loso_structure_compare_v2_0p7m_20260520_230603/S4/fold_14_test_97706/test_results.json
S5,BiGRU,A0,0,14287,0.15909616753112438,0.5957217604614967,0.049939770338147185,0.049939770338147185,9.104665401370026,430,runs/loso_ablation_tcn_bigru_v2_0p7m_20260521_051932/A0/fold_00_test_14287/test_results.json
S5,BiGRU,A0,1,14342,0.58566870872791,1.7117077919744677,0.23307060954546688,0.23307060954546688,11.188558024744834,260,runs/loso_ablation_tcn_bigru_v2_0p7m_20260521_051932/A0/fold_01_test_14342/test_results.json
S5,BiGRU,A0,2,14547,0.5175044761961373,0.95633019100536,0.3945214755975517,0.3945214755975517,11.529829502105713,402,runs/loso_ablation_tcn_bigru_v2_0p7m_20260521_051932/A0/fold_02_test_14547/test_results.json
S5,BiGRU,A0,3,20794,0.5169657849434282,2.1308971064431326,0.0126122615433165,0.0126122615433165,8.121994781494141,294,runs/loso_ablation_tcn_bigru_v2_0p7m_20260521_051932/A0/fold_03_test_20794/test_results.json
S5,BiGRU,A0,4,38936,0.27773340090666665,0.9639331330644324,0.06965994238853454,0.06965994238853454,11.453274179012217,404,runs/loso_ablation_tcn_bigru_v2_0p7m_20260521_051932/A0/fold_04_test_38936/test_results.json
S5,BiGRU,A0,5,47779,0.588100765670478,2.2608173461187455,0.07529714583915516,0.07529714583915516,12.405769620622907,358,runs/loso_ablation_tcn_bigru_v2_0p7m_20260521_051932/A0/fold_05_test_47779/test_results.json
S5,BiGRU,A0,6,49661,0.6974506568908692,0.39863124101058295,0.7867083952024385,0.7867083952024385,9.380694493003514,400,runs/loso_ablation_tcn_bigru_v2_0p7m_20260521_051932/A0/fold_06_test_49661/test_results.json
S5,BiGRU,A0,7,55502,0.5779141756900392,2.2710853152804904,0.021763072151989832,0.021763072151989832,15.24731313917372,364,runs/loso_ablation_tcn_bigru_v2_0p7m_20260521_051932/A0/fold_07_test_55502/test_results.json
S5,BiGRU,A0,8,74768,0.7984893758883651,3.0915985053235833,0.11211657939719505,0.11211657939719505,10.36668348312378,382,runs/loso_ablation_tcn_bigru_v2_0p7m_20260521_051932/A0/fold_08_test_74768/test_results.json
S5,BiGRU,A0,9,76918,0.6862511506704526,1.415519115536712,0.5028679834471809,0.5028679834471809,12.481145370838254,428,runs/loso_ablation_tcn_bigru_v2_0p7m_20260521_051932/A0/fold_09_test_76918/test_results.json
S5,BiGRU,A0,10,84479,0.1820576473119411,0.6577422510493885,0.036709574102941483,0.036709574102941483,10.07782682505521,376,runs/loso_ablation_tcn_bigru_v2_0p7m_20260521_051932/A0/fold_10_test_84479/test_results.json
S5,BiGRU,A0,11,86463,1.0664551154668651,3.819454923272133,0.2027689076813997,0.2027689076813997,14.012078046798706,268,runs/loso_ablation_tcn_bigru_v2_0p7m_20260521_051932/A0/fold_11_test_86463/test_results.json
S5,BiGRU,A0,12,87369,0.1038605091187472,0.31270537051287567,0.03775134221684161,0.03775134221684161,9.75364654714411,366,runs/loso_ablation_tcn_bigru_v2_0p7m_20260521_051932/A0/fold_12_test_87369/test_results.json
S5,BiGRU,A0,13,87447,0.20171851606269156,0.4888832518394957,0.10799113650702769,0.10799113650702769,10.174339375597365,382,runs/loso_ablation_tcn_bigru_v2_0p7m_20260521_051932/A0/fold_13_test_87447/test_results.json
S5,BiGRU,A0,14,97706,1.6605684575695676,0.9239280501077342,1.8662537251199995,1.8662537251199995,10.887312950089921,394,runs/loso_ablation_tcn_bigru_v2_0p7m_20260521_051932/A0/fold_14_test_97706/test_results.json
S6,TCN,S5,0,14287,0.4137564831001814,1.8043930641440458,0.06609734264743883,0.06609734264743883,9.104665401370026,430,runs/loso_structure_compare_v2_0p7m_20260520_225426/S5/fold_00_test_14287/test_results.json
S6,TCN,S5,1,14342,0.6726700562697191,1.104321987398209,0.5375062904574655,0.5375062904574655,11.188558024744834,260,runs/loso_structure_compare_v2_0p7m_20260520_225426/S5/fold_01_test_14342/test_results.json
S6,TCN,S5,2,14547,0.3908989298996048,1.1268545931035823,0.18464383428358727,0.18464383428358727,11.529829502105713,402,runs/loso_structure_compare_v2_0p7m_20260520_225426/S5/fold_02_test_14547/test_results.json
S6,TCN,S5,3,20794,0.7396728295047267,2.8880605016435896,0.06830171113168555,0.06830171113168555,8.121994781494141,294,runs/loso_structure_compare_v2_0p7m_20260520_225426/S5/fold_03_test_20794/test_results.json
S6,TCN,S5,4,38936,0.7123876355662204,2.541635259668878,0.1577125351275167,0.1577125351275167,11.453274179012217,404,runs/loso_structure_compare_v2_0p7m_20260520_225426/S5/fold_04_test_38936/test_results.json
S6,TCN,S5,5,47779,0.8023313690164235,2.994504701523554,0.130278212568947,0.130278212568947,12.405769620622907,358,runs/loso_structure_compare_v2_0p7m_20260520_225426/S5/fold_05_test_47779/test_results.json
S6,TCN,S5,6,49661,0.6881137084960938,0.31922164170638373,0.7983022618603397,0.7983022618603397,9.380694493003514,400,runs/loso_structure_compare_v2_0p7m_20260520_225426/S5/fold_06_test_49661/test_results.json
S6,TCN,S5,7,55502,0.47483783249313444,0.7769189834594726,0.37561407893637777,0.37561407893637777,15.24731313917372,364,runs/loso_structure_compare_v2_0p7m_20260520_225426/S5/fold_07_test_55502/test_results.json
S6,TCN,S5,8,74768,1.287690020356503,4.857686454599554,0.21911960576667266,0.21911960576667266,10.36668348312378,382,runs/loso_structure_compare_v2_0p7m_20260520_225426/S5/fold_08_test_74768/test_results.json
S6,TCN,S5,9,76918,1.1160734312556615,4.042382877926494,0.3802178514023905,0.3802178514023905,12.481145370838254,428,runs/loso_structure_compare_v2_0p7m_20260520_225426/S5/fold_09_test_76918/test_results.json
S6,TCN,S5,10,84479,0.259423424588873,0.7647032954476096,0.1050323600647971,0.1050323600647971,10.07782682505521,376,runs/loso_structure_compare_v2_0p7m_20260520_225426/S5/fold_10_test_84479/test_results.json
S6,TCN,S5,11,86463,1.187559199866964,3.4935107976198196,0.4641234179337819,0.4641234179337819,14.012078046798706,268,runs/loso_structure_compare_v2_0p7m_20260520_225426/S5/fold_11_test_86463/test_results.json
S6,TCN,S5,12,87369,0.6425045396460861,0.3723949139768427,0.7280068397521973,0.7280068397521973,9.75364654714411,366,runs/loso_structure_compare_v2_0p7m_20260520_225426/S5/fold_12_test_87369/test_results.json
S6,TCN,S5,13,87447,0.5829600314195243,0.6584365722980905,0.5583253194991913,0.5583253194991913,10.174339375597365,382,runs/loso_structure_compare_v2_0p7m_20260520_225426/S5/fold_13_test_87447/test_results.json
S6,TCN,S5,14,97706,1.8595290014586472,1.3067086740981702,2.013887910099773,2.013887910099773,10.887312950089921,394,runs/loso_structure_compare_v2_0p7m_20260520_225426/S5/fold_14_test_97706/test_results.json
S7,TCN-Attn,S6,0,14287,0.18203650809997737,0.9101814114770224,2.84938108690858e-07,2.84938108690858e-07,9.104665401370026,430,runs/loso_structure_compare_v2_0p7m_20260520_225951/S6/fold_00_test_14287/test_results.json
S7,TCN-Attn,S6,1,14342,0.2896045675644508,0.8595629661313949,0.11113273884384066,0.11113273884384066,11.188558024744834,260,runs/loso_structure_compare_v2_0p7m_20260520_225951/S6/fold_01_test_14342/test_results.json
S7,TCN-Attn,S6,2,14547,0.2327400146432184,0.7868004928935658,0.07746190964308929,0.07746190964308929,11.529829502105713,402,runs/loso_structure_compare_v2_0p7m_20260520_225951/S6/fold_02_test_14547/test_results.json
S7,TCN-Attn,S6,3,20794,0.46961850131406,1.9721806253705705,6.782962888025746e-05,6.782962888025746e-05,8.121994781494141,294,runs/loso_structure_compare_v2_0p7m_20260520_225951/S6/fold_03_test_20794/test_results.json
S7,TCN-Attn,S6,4,38936,0.9530857813240278,0.9823613876992083,0.9442086712276984,0.9442086712276984,11.453274179012217,404,runs/loso_structure_compare_v2_0p7m_20260520_225951/S6/fold_04_test_38936/test_results.json
S7,TCN-Attn,S6,5,47779,0.6354642167437676,2.701337837037586,0.0021307052694327705,0.0021307052694327705,12.405769620622907,358,runs/loso_structure_compare_v2_0p7m_20260520_225951/S6/fold_05_test_47779/test_results.json
S7,TCN-Attn,S6,6,49661,0.40271517425775527,0.1845250544340714,0.46788884250483087,0.46788884250483087,9.380694493003514,400,runs/loso_structure_compare_v2_0p7m_20260520_225951/S6/fold_06_test_49661/test_results.json
S7,TCN-Attn,S6,7,55502,0.2529494651071318,1.0230391131507026,3.097458564263436e-07,3.097458564263436e-07,15.24731313917372,364,runs/loso_structure_compare_v2_0p7m_20260520_225951/S6/fold_07_test_55502/test_results.json
S7,TCN-Attn,S6,8,74768,1.158796148150379,5.021126113154671,0.002724596148695499,0.002724596148695499,10.36668348312378,382,runs/loso_structure_compare_v2_0p7m_20260520_225951/S6/fold_08_test_74768/test_results.json
S7,TCN-Attn,S6,9,76918,0.6652470913445838,2.0650683558264444,0.3132452566322984,0.3132452566322984,12.481145370838254,428,runs/loso_structure_compare_v2_0p7m_20260520_225951/S6/fold_09_test_76918/test_results.json
S7,TCN-Attn,S6,10,84479,0.13195066027184751,0.5637264739383351,1.9159001499587215e-05,1.9159001499587215e-05,10.07782682505521,376,runs/loso_structure_compare_v2_0p7m_20260520_225951/S6/fold_10_test_84479/test_results.json
S7,TCN-Attn,S6,11,86463,0.26935812185949354,0.970623567700386,0.04935327831696412,0.04935327831696412,14.012078046798706,268,runs/loso_structure_compare_v2_0p7m_20260520_225951/S6/fold_11_test_86463/test_results.json
S7,TCN-Attn,S6,12,87369,0.15609827856348746,0.20641835711219095,0.14016962778605407,0.14016962778605407,9.75364654714411,366,runs/loso_structure_compare_v2_0p7m_20260520_225951/S6/fold_12_test_87369/test_results.json
S7,TCN-Attn,S6,13,87447,0.06647366909456502,0.2698972377371281,7.847675150705414e-05,7.847675150705414e-05,10.174339375597365,382,runs/loso_structure_compare_v2_0p7m_20260520_225951/S6/fold_13_test_87447/test_results.json
S7,TCN-Attn,S6,14,97706,1.9419503319384483,0.32947070654048477,2.3921881761740553,2.3921881761740553,10.887312950089921,394,runs/loso_structure_compare_v2_0p7m_20260520_225951/S6/fold_14_test_97706/test_results.json
S8,TCN+UniGRU,A2,0,14287,0.07609505383081214,0.3155731766722923,0.01622552091125832,0.01622552091125832,9.104665401370026,430,runs/loso_ablation_tcn_bigru_v2_0p7m_20260521_051142/A2/fold_00_test_14287/test_results.json
S8,TCN+UniGRU,A2,1,14342,0.5660232910743126,1.836050356588056,0.1683380441984745,0.1683380441984745,11.188558024744834,260,runs/loso_ablation_tcn_bigru_v2_0p7m_20260521_051142/A2/fold_01_test_14342/test_results.json
S8,TCN+UniGRU,A2,2,14547,0.4219395512372107,1.3362702944061973,0.16569399771986493,0.16569399771986493,11.529829502105713,402,runs/loso_ablation_tcn_bigru_v2_0p7m_20260521_051142/A2/fold_02_test_14547/test_results.json
S8,TCN+UniGRU,A2,3,20794,0.3895957874907117,1.5775649070739746,0.018355438419218575,0.018355438419218575,8.121994781494141,294,runs/loso_ablation_tcn_bigru_v2_0p7m_20260521_051142/A2/fold_03_test_20794/test_results.json
S8,TCN+UniGRU,A2,4,38936,0.5626096341869619,1.0298443297122388,0.42093200952776016,0.42093200952776016,11.453274179012217,404,runs/loso_ablation_tcn_bigru_v2_0p7m_20260521_051142/A2/fold_04_test_38936/test_results.json
S8,TCN+UniGRU,A2,5,47779,0.3551516206570844,1.3081260749271937,0.06299885748511683,0.06299885748511683,12.405769620622907,358,runs/loso_ablation_tcn_bigru_v2_0p7m_20260521_051142/A2/fold_05_test_47779/test_results.json
S8,TCN+UniGRU,A2,6,49661,0.6397307813167572,0.3174052290294481,0.7360098321329464,0.7360098321329464,9.380694493003514,400,runs/loso_ablation_tcn_bigru_v2_0p7m_20260521_051142/A2/fold_06_test_49661/test_results.json
S8,TCN+UniGRU,A2,7,55502,0.15617322021133298,0.45082547399732803,0.0593896336907888,0.0593896336907888,15.24731313917372,364,runs/loso_ablation_tcn_bigru_v2_0p7m_20260521_051142/A2/fold_07_test_55502/test_results.json
S8,TCN+UniGRU,A2,8,74768,0.507094275576906,1.9371499744328586,0.07905038583035372,0.07905038583035372,10.36668348312378,382,runs/loso_ablation_tcn_bigru_v2_0p7m_20260521_051142/A2/fold_08_test_74768/test_results.json
S8,TCN+UniGRU,A2,9,76918,0.8610102016235066,3.5447305745856705,0.18615653344065125,0.18615653344065125,12.481145370838254,428,runs/loso_ablation_tcn_bigru_v2_0p7m_20260521_051142/A2/fold_09_test_76918/test_results.json
S8,TCN+UniGRU,A2,10,84479,0.2926042344658933,1.0334471518343145,0.06623557072857188,0.06623557072857188,10.07782682505521,376,runs/loso_ablation_tcn_bigru_v2_0p7m_20260521_051142/A2/fold_10_test_84479/test_results.json
S8,TCN+UniGRU,A2,11,86463,0.6407468096533818,2.2245731204748154,0.14386015093209698,0.14386015093209698,14.012078046798706,268,runs/loso_ablation_tcn_bigru_v2_0p7m_20260521_051142/A2/fold_11_test_86463/test_results.json
S8,TCN+UniGRU,A2,12,87369,0.09805752393468971,0.2775085785172202,0.04125287340243729,0.04125287340243729,9.75364654714411,366,runs/loso_ablation_tcn_bigru_v2_0p7m_20260521_051142/A2/fold_12_test_87369/test_results.json
S8,TCN+UniGRU,A2,13,87447,0.12286024365125527,0.29521400370496387,0.06660588709120122,0.06660588709120122,10.174339375597365,382,runs/loso_ablation_tcn_bigru_v2_0p7m_20260521_051142/A2/fold_13_test_87447/test_results.json
S8,TCN+UniGRU,A2,14,97706,2.1216658989185,0.46295991054801056,2.584810990791816,2.584810990791816,10.887312950089921,394,runs/loso_ablation_tcn_bigru_v2_0p7m_20260521_051142/A2/fold_14_test_97706/test_results.json
S9,TCN+BiGRU,S7,0,14287,0.17767593652703043,0.8658303937246633,0.0056373207115156705,0.0056373207115156705,9.104665401370026,430,runs/loso_structure_compare_v2_0p7m_20260521_004607/S7/fold_00_test_14287/test_results.json
S9,TCN+BiGRU,S7,1,14342,0.37245706228109504,0.8068322289374567,0.2364405905357515,0.2364405905357515,11.188558024744834,260,runs/loso_structure_compare_v2_0p7m_20260521_004607/S7/fold_01_test_14342/test_results.json
S9,TCN+BiGRU,S7,2,14547,0.24571217900484948,0.7952933744950728,0.09168943440078929,0.09168943440078929,11.529829502105713,402,runs/loso_structure_compare_v2_0p7m_20260521_004607/S7/fold_02_test_14547/test_results.json
S9,TCN+BiGRU,S7,3,20794,0.6846355942971244,2.851659836087908,0.007440528982052845,0.007440528982052845,8.121994781494141,294,runs/loso_structure_compare_v2_0p7m_20260521_004607/S7/fold_03_test_20794/test_results.json
S9,TCN+BiGRU,S7,4,38936,0.5485158462335568,1.215191384579273,0.34636261963075204,0.34636261963075204,11.453274179012217,404,runs/loso_structure_compare_v2_0p7m_20260521_004607/S7/fold_04_test_38936/test_results.json
S9,TCN+BiGRU,S7,5,47779,0.7457233993700763,2.913722730818249,0.08108124468665924,0.08108124468665924,12.405769620622907,358,runs/loso_structure_compare_v2_0p7m_20260521_004607/S7/fold_05_test_47779/test_results.json
S9,TCN+BiGRU,S7,6,49661,0.3949616175889969,0.1968730584434841,0.4541309172069872,0.4541309172069872,9.380694493003514,400,runs/loso_structure_compare_v2_0p7m_20260521_004607/S7/fold_06_test_49661/test_results.json
S9,TCN+BiGRU,S7,7,55502,0.19044026490914953,0.4928459644317627,0.09110992891292502,0.09110992891292502,15.24731313917372,364,runs/loso_structure_compare_v2_0p7m_20260521_004607/S7/fold_07_test_55502/test_results.json
S9,TCN+BiGRU,S7,8,74768,0.7548311037542932,3.0918842662464487,0.055304981235946925,0.055304981235946925,10.36668348312378,382,runs/loso_structure_compare_v2_0p7m_20260521_004607/S7/fold_08_test_74768/test_results.json
S9,TCN+BiGRU,S7,9,76918,0.7108416370699339,2.543676110201104,0.24995342791298328,0.24995342791298328,12.481145370838254,428,runs/loso_structure_compare_v2_0p7m_20260521_004607/S7/fold_09_test_76918/test_results.json
S9,TCN+BiGRU,S7,10,84479,0.15739229955571762,0.6350413127378984,0.011443992326450016,0.011443992326450016,10.07782682505521,376,runs/loso_structure_compare_v2_0p7m_20260521_004607/S7/fold_10_test_84479/test_results.json
S9,TCN+BiGRU,S7,11,86463,0.5302756713049959,1.874206230044365,0.10865038449821227,0.10865038449821227,14.012078046798706,268,runs/loso_structure_compare_v2_0p7m_20260521_004607/S7/fold_11_test_86463/test_results.json
S9,TCN+BiGRU,S7,12,87369,0.25093248787799166,0.38785342194817285,0.20759060903847645,0.20759060903847645,9.75364654714411,366,runs/loso_structure_compare_v2_0p7m_20260521_004607/S7/fold_12_test_87369/test_results.json
S9,TCN+BiGRU,S7,13,87447,0.2177736952666837,0.37164007349217193,0.16755342038555276,0.16755342038555276,10.174339375597365,382,runs/loso_structure_compare_v2_0p7m_20260521_004607/S7/fold_13_test_87447/test_results.json
S9,TCN+BiGRU,S7,14,97706,1.9387195824366537,0.44428813457489014,2.3559959925614393,2.3559959925614393,10.887312950089921,394,runs/loso_structure_compare_v2_0p7m_20260521_004607/S7/fold_14_test_97706/test_results.json
